signature,size,buggy_gen,state+fault,interval,commits,churn
org/gjt/sp/jedit/gui/AbstractContextOptionPane.java^275^294+org/gjt/sp/jedit/options/ToolBarOptionPane.java^347^378,32,False,I_N,D_N,62f22d3^ea72825,2
org/gjt/sp/jedit/JARClassLoader.java^128^158+org/gjt/sp/jedit/JARClassLoader.java^165^191,31,False,I_N,M_N,e472174^5800357,11
org/gjt/sp/jedit/menu/EnhancedCheckBoxMenuItem.java^111^131+org/gjt/sp/jedit/menu/EnhancedMenuItem.java^104^124,21,False,C_N,D_N,3bda930^117c692,8
org/gjt/sp/jedit/textarea/DisplayManager.java^624^644+org/gjt/sp/jedit/textarea/DisplayManager.java^1272^1292,21,True,I_Y^I_N^I_N^I_N^I_Y^I_N,W_Y^D_N^Y_N^D_N^M_Y^D_N,6e164e1^cbe5703^845f4d4^e33e022^3172901^e11358c^69119cf,13^13^1^1^37^6
installer/ServerKiller.java^59^82+org/gjt/sp/jedit/jEdit.java^299^316,24,False,I_N,Y_N,d2acac3^424c854,11
org/gjt/sp/jedit/gui/AddModeDialog.java^83^104+org/gjt/sp/jedit/gui/BufferOptions.java^67^89,23,False,C_N,Y_N,e02fbe6^ccca009,2
org/gjt/sp/jedit/gui/ContextAddDialog.java^136^146+org/gjt/sp/jedit/gui/FontSelectorDialog.java^237^249,13,False,I_N,W_N,f7d72c3^e02fbe6,13
org/gjt/sp/jedit/PerspectiveManager.java^102^128+org/gjt/sp/jedit/jEdit.java^3839^3862,27,True,I_Y^I_N,Y_Y^D_N,0e5baa3^0359cdc^7430485,44^10
org/gjt/sp/jedit/BufferHistory.java^96^123+org/gjt/sp/jedit/jEdit.java^3839^3862,28,True,I_Y^I_N,Y_Y^D_N,0e5baa3^0359cdc^7430485,45^10
org/gjt/sp/jedit/gui/ErrorListDialog.java^92^107+org/gjt/sp/jedit/gui/FilesChangedDialog.java^49^64,16,False,I_N^I_N^I_N^I_N^I_N^I_N^I_N,YY_N^Y_N^D_N^M_N^M_N^Y_N^YY_N,bc56aab^2452f68^4fe603f^ed66478^49e5fe1^26d39ec^e321c13^43a1b3e,21^3^3^7^1^8^8
org/gjt/sp/jedit/gui/AddModeDialog.java^83^96+org/gjt/sp/jedit/gui/ContextAddDialog.java^136^146,14,False,C_N^I_N,D_N^W_N,f7d72c3^96bf692^e02fbe6,2^12
org/gjt/sp/jedit/syntax/TokenMarker.java^496^520+org/gjt/sp/jedit/syntax/TokenMarker.java^545^566,25,True,I_N^I_N^I_N^I_Y,D_N^D_N^D_N^D_Y,3f47c25^433e8db^e593b89^769e0e1^d0f6abf,9^7^6^15
org/gjt/sp/jedit/textarea/Gutter.java^100^121+org/gjt/sp/jedit/textarea/TextAreaPainter.java^805^826,22,False,I_N^I_N^I_N^I_N^I_N^I_N,D_N^M_N^D_N^D_N^M_N^D_N,63eb27d^81ecf31^238bfa9^a9c55fc^47c0bf2^16e1a0e^d740d12,2^4^8^14^5^7
org/gjt/sp/jedit/gui/ContextAddDialog.java^130^149+org/gjt/sp/jedit/options/ToolBarOptionPane.java^526^546,21,False,I_N,Y_N,b37e141^ccca009,4
org/gjt/sp/jedit/gui/SelectLineRange.java^57^67+org/gjt/sp/jedit/options/ToolBarOptionPane.java^532^542,11,False,I_N,W_N,f7d72c3^e02fbe6,15
org/gjt/sp/jedit/buffer/BufferInsertRequest.java^102^128+org/gjt/sp/jedit/buffer/BufferLoadRequest.java^140^166,27,False,I_N,D_N,d9c91ac^cfe0c2b,14
org/gjt/sp/jedit/menu/EnhancedMenuItem.java^106^120+org/gjt/sp/jedit/menu/MarkersProvider.java^127^141,15,False,C_N,D_N,3bda930^117c692,2
org/gjt/sp/jedit/gui/OptionsDialog.java^708^726+org/jedit/options/OptionGroupPane.java^525^543,19,False,I_N,YY_N,39cc2fd^a11facd,38
org/gjt/sp/jedit/gui/OptionsDialog.java^708^726+org/jedit/options/PluginOptionGroup.java^226^244,19,False,I_N,YY_N,39cc2fd^a11facd,38
org/gjt/sp/jedit/textarea/FoldVisibilityManager.java^373^396+org/gjt/sp/jedit/textarea/FoldVisibilityManager.java^403^426,24,False,I_N^I_N^I_N,D_N^D_N^D_N,a20ff27^0f8de7f^b87dccb^a4c02ae,13^12^10
org/gjt/sp/jedit/gui/AddModeDialog.java^78^103+org/gjt/sp/jedit/gui/PasteSpecialDialog.java^95^135,41,False,I_N^I_N^I_N^I_N^I_N^I_N,Y_N^D_N^W_N^D_N^Y_N^W_N,e2c8910^f7d72c3^96bf692^8d81983^e02fbe6^ccca009^72da32c,15^4^13^14^4^4
org/gjt/sp/jedit/gui/DefaultInputHandler.java^141^208+org/gjt/sp/jedit/input/TextAreaInputHandler.java^266^333,68,False,C_N,Y_N,b4d9ea8^eb0d9dc,4
org/gjt/sp/jedit/ActionSet.java^467^489+org/gjt/sp/jedit/jEdit.java^3840^3862,23,True,I_Y^I_N,Y_Y^D_N,0e5baa3^0359cdc^7430485,39^3
org/gjt/sp/jedit/ActionSet.java^467^489+org/gjt/sp/jedit/ServiceManager.java^109^131,23,True,I_Y,Y_Y,5814571^0359cdc,44
org/gjt/sp/jedit/options/ContextOptionPane.java^290^308+org/gjt/sp/jedit/options/ToolBarOptionPane.java^487^505,19,False,I_N,Y_N,21e5d2e^a800430,19
org/gjt/sp/jedit/help/HelpTOCPanel.java^207^230+org/gjt/sp/jedit/jEdit.java^3839^3862,24,True,I_Y^I_N,Y_Y^D_N,0e5baa3^0359cdc^7430485,41^10
org/gjt/sp/jedit/BufferHistory.java^96^123+org/gjt/sp/jedit/PerspectiveManager.java^102^128,28,True,I_Y^I_N,YY_Y^D_N,191151b^0359cdc^7430485,46^15
installer/CBZip2InputStream.java^416^451+installer/CBZip2InputStream.java^482^516,36,False,C_N,YY_N,22185e1^be4cf9d,8
org/gjt/sp/jedit/gui/BufferOptions.java^68^94+org/gjt/sp/jedit/gui/FontSelector.java^343^366,27,False,I_N,Y_N,49e5fe1^00ef443,24
org/gjt/sp/jedit/gui/BufferOptions.java^138^170+org/gjt/sp/jedit/options/GeneralOptionPane.java^52^67,33,True,I_N^I_Y^I_Y,D_N^M_Y^Y_Y,81c19ee^934e338^cd8f1c8^9768efc,33^2^55
org/gjt/sp/jedit/BeanShell.java^269^291+org/gjt/sp/jedit/BeanShell.java^356^376,23,False,I_N^I_N^I_N^I_N^I_N^I_N^I_N^I_N^I_Y^I_N,D_N^D_N^D_N^M_N^D_N^Y_N^D_N^Y_N^YY_Y^YY_N,9fb68d9^c67d87b^9a8d917^e6af4c3^f8ddd6d^670d830^c20522c^552b196^06cd93e^f13d41c^1f28c06,44^12^14^6^6^4^4^9^2^13
org/gjt/sp/jedit/print/BufferPrinter1_3.java^89^133+org/gjt/sp/jedit/print/BufferPrinter1_4.java^91^137,47,False,C_N^I_N^I_N^I_N^I_N,D_N^D_N^D_N^YY_N^YY_N,7ea86c6^8bc4ead^6e3dfa4^58f46ba^e62425c^5ee061f,16^75^18^4^4
org/gjt/sp/jedit/TextUtilities.java^417^453+org/gjt/sp/jedit/TextUtilities.java^608^643,37,False,I_N,Y_N,e719fab^efc92bb,8
org/gjt/sp/jedit/browser/BrowserIORequest.java^145^184+org/gjt/sp/jedit/browser/ListDirectoryBrowserTask.java^75^111,40,False,I_N,Y_N,923e836^ee00f3c,5
org/gjt/sp/jedit/pluginmgr/ManagePanel.java^114^144+org/gjt/sp/jedit/pluginmgr/ManagePanel.java^437^467,31,True,I_N^I_Y,D_N^M_Y,3cca33a^55ecec6^b923059,2^31
org/gjt/sp/jedit/ServiceManager.java^109^131+org/gjt/sp/jedit/jEdit.java^3840^3862,23,True,I_Y,Y_Y,0e5baa3^0359cdc,41
org/gjt/sp/jedit/gui/CloseDialog.java^43^58+org/gjt/sp/jedit/gui/ErrorListDialog.java^92^107,16,False,I_N^I_N^I_N^I_N^I_N^I_N^I_N,YY_N^Y_N^D_N^M_N^M_N^Y_N^YY_N,bc56aab^2452f68^4fe603f^ed66478^49e5fe1^26d39ec^e321c13^43a1b3e,21^3^3^7^1^8^8
org/gjt/sp/jedit/ServiceManager.java^110^131+org/gjt/sp/jedit/gui/DockableWindowFactory.java^90^111,22,True,I_Y,YY_Y,fa82ab7^0359cdc,32
org/gjt/sp/jedit/gui/ColorWellButton.java^185^198+org/gjt/sp/jedit/gui/OptionsDialog.java^322^335,14,False,I_N,YY_N,6be8121^9beb1ef,14
org/gjt/sp/jedit/textarea/TextArea.java^4368^4400+org/gjt/sp/jedit/textarea/TextArea.java^4407^4439,33,False,I_N,Y_N,6a1b913^eb0d9dc,8
installer/VariableGridLayout.java^246^299+org/gjt/sp/jedit/gui/VariableGridLayout.java^403^474,72,False,I_N^I_N,Y_N^M_N,96a9238^efd8d62^d4c6068,22^4
org/gjt/sp/jedit/PluginJAR.java^293^309+org/gjt/sp/jedit/PluginJAR.java^420^442,23,False,I_N^I_N,Y_N^YY_N,292dd6d^6864773^96b5765,35^23
org/gjt/sp/jedit/gui/EditAbbrevDialog.java^103^115+org/gjt/sp/jedit/gui/StyleEditor.java^165^177,13,False,I_N,Y_N,f7d72c3^ccca009,2
org/gjt/sp/jedit/io/BufferIORequest.java^269^305+org/gjt/sp/jedit/io/BufferIORequest.java^809^845,37,False,I_N,Y_N,bbab12b^91bac77,1
org/gjt/sp/jedit/buffer/OffsetManager.java^448^481+org/gjt/sp/jedit/buffer/OffsetManager.java^489^522,34,True,I_Y^I_N^I_N^I_Y,W_Y^D_N^YY_N^Y_Y,63eb27d^4158333^13168fa^e24246e^6d0eb76,101^103^15^22
org/gjt/sp/jedit/buffer/KillRing.java^97^124+org/gjt/sp/jedit/jEdit.java^3839^3862,28,True,I_Y^I_N,Y_Y^D_N,0e5baa3^0359cdc^7430485,47^8
org/gjt/sp/jedit/syntax/ParserRuleFactory.java^100^120+org/gjt/sp/jedit/syntax/ParserRuleFactory.java^125^145,21,False,C_N^I_N,Y_N^D_N,b8f3b33^6568f61^668da05,4^6
org/gjt/sp/jedit/options/BrowserColorsOptionPane.java^315^341+org/gjt/sp/jedit/options/ColorOptionPane.java^272^298,27,False,I_N^I_N,Y_N^D_N,47406d9^d8033ef^faef8b3,4^4
org/gjt/sp/jedit/gui/BufferOptions.java^66^94+org/gjt/sp/jedit/gui/PasteSpecialDialog.java^95^135,41,False,I_N,Y_N,bac9d5a^576de28,41
org/gjt/sp/jedit/bsh/NameSpace.java^1037^1056+org/gjt/sp/jedit/bsh/NameSpace.java^1066^1086,21,False,C_N,Y_N,e12da02^a74533f,41
org/gjt/sp/jedit/gui/AddModeDialog.java^78^102+org/gjt/sp/jedit/gui/FontSelectorDialog.java^233^256,25,False,I_N,Y_N,b37e141^ccca009,4
org/gjt/sp/jedit/gui/DockableWindowManager.java^171^192+org/gjt/sp/jedit/jEdit.java^3813^3834,22,False,I_N,Y_N,757c2f8^fa82ab7,22
org/gjt/sp/jedit/gui/FilteredListModel.java^111^127+org/gjt/sp/jedit/gui/FilteredTableModel.java^134^150,17,False,C_N,M_N,c955708^aaedfef,17
org/gjt/sp/jedit/gui/EditAbbrevDialog.java^100^108+org/gjt/sp/jedit/options/ToolBarOptionPane.java^534^542,9,False,I_N,W_N,f7d72c3^e02fbe6,13
org/gjt/sp/jedit/ServiceManager.java^110^131+org/gjt/sp/jedit/gui/DockableWindowManager.java^171^192,22,False,I_N,YY_N,156f231^fa82ab7,22
org/gjt/sp/jedit/options/EditingOptionPane.java^76^111+org/gjt/sp/jedit/options/ModeOptionPane.java^65^100,36,False,C_N,D_N,e278b78^f0b9fa6,35
org/gjt/sp/jedit/gui/ContextAddDialog.java^90^104+org/gjt/sp/jedit/options/StatusBarOptionPane.java^387^401,15,False,I_N,Y_N,6e2f58f^4d138d3,15
org/gjt/sp/jedit/jEdit.java^4065^4091+org/gjt/sp/jedit/jEdit.java^4099^4126,28,False,I_N,M_N,2e3a5f7^d09e688,60
org/jedit/options/OptionGroupPane.java^525^543+org/jedit/options/PluginOptionGroup.java^226^244,19,False,I_N,YY_N,39cc2fd^a11facd,38
org/gjt/sp/jedit/menu/EnhancedCheckBoxMenuItem.java^113^127+org/gjt/sp/jedit/menu/MarkersProvider.java^127^141,15,False,C_N,D_N,3bda930^117c692,2
org/gjt/sp/jedit/textarea/JEditTextArea.java^168^198+org/gjt/sp/jedit/textarea/TextArea.java^3213^3239,31,True,I_Y^I_N,W_Y^Y_N,40654c8^42b60d0^ba286c1,2^27
org/gjt/sp/jedit/gui/EnhancedCheckBoxMenuItem.java^88^106+org/gjt/sp/jedit/gui/EnhancedMenuItem.java^83^101,19,False,I_N,D_N,1a0e2eb^b094287,1
org/gjt/sp/jedit/options/StatusBarOptionPane.java^311^356+org/gjt/sp/jedit/options/ToolBarOptionPane.java^338^380,46,False,I_N,D_N,62f22d3^ea72825,6
org/gjt/sp/jedit/textarea/ColumnBlock.java^172^186+org/gjt/sp/jedit/textarea/ColumnBlock.java^378^392,15,False,I_N^I_N,YY_N^Y_N,9854ecc^6ee6469^576de28,23^28
org/gjt/sp/jedit/bufferio/BufferInsertRequest.java^91^124+org/gjt/sp/jedit/bufferio/BufferLoadRequest.java^103^142,40,False,I_N^I_N,YY_N^Y_N,55bc2df^e857eb6^09aa432,16^2
org/gjt/sp/jedit/browser/BrowserIORequest.java^215^241+org/gjt/sp/jedit/browser/BrowserIORequest.java^268^294,27,False,I_N,D_N,a5693f6^8a930f6,6
org/gjt/sp/jedit/GUIUtilities.java^690^719+org/gjt/sp/jedit/GUIUtilities.java^734^763,30,False,I_N,Y_N,3bda930^ea72825,4
org/gjt/sp/jedit/pluginmgr/InstallPluginsDialog.java^64^75+org/gjt/sp/jedit/pluginmgr/PluginManager.java^57^67,12,True,I_N^I_Y,M_N^D_Y,16e1a0e^a58f353^550e81b,6^2
org/gjt/sp/jedit/GUIUtilities.java^1730^1787+org/gjt/sp/jedit/textarea/TextArea.java^6323^6381,59,False,I_N,Y_N,369e221^ccca009,109
org/gjt/sp/jedit/gui/FilePropertiesDialog.java^169^185+org/gjt/sp/jedit/gui/FilePropertiesDialog.java^272^288,17,False,I_N,YY_N,e82368b^78ecab5,46
org/gjt/sp/jedit/gui/FontSelectorDialog.java^233^256+org/gjt/sp/jedit/gui/PasteSpecialDialog.java^95^133,39,False,C_N,YY_N,33df289^576de28,39
org/gjt/sp/jedit/MiscUtilities.java^1115^1137+org/gjt/sp/util/StandardUtilities.java^65^87,23,False,I_N^I_N,W_N^YY_N,7e452f6^c006829^4b32b25,21^4
org/gjt/sp/jedit/gui/KeyEventTranslator.java^222^240+org/gjt/sp/jedit/gui/KeyEventTranslator.java^279^297,19,False,C_N,Y_N,065f7d8^0013b3a,4
org/gjt/sp/jedit/gui/RecentDirectoriesMenu.java^45^78+org/gjt/sp/jedit/gui/RecentFilesMenu.java^45^77,34,False,I_N,D_N,9f33f6c^d76ecfc,2
org/jedit/options/PluginOptionGroup.java^204^222+org/jedit/options/PluginOptionGroup.java^226^244,19,False,I_N,YY_N,3222d73^a11facd,37
org/gjt/sp/jedit/textarea/Selection.java^268^303+org/gjt/sp/jedit/textarea/Selection.java^660^695,36,False,I_N,YY_N,0ee8640^ca70965,2
org/gjt/sp/jedit/options/AbbrevsOptionPane.java^102^116+org/gjt/sp/jedit/options/BrowserColorsOptionPane.java^66^80,15,False,I_N^I_N^I_N^I_N^I_N^I_N^I_Y,Y_N^D_N^Y_N^D_N^Y_N^D_N^YY_Y,a8f94d9^5f34288^1517182^e278b78^f0b9fa6^6b4f8c9^06615a3^72b3465,7^4^10^11^2^2^4
org/gjt/sp/jedit/gui/DockableWindowManager.java^439^457+org/gjt/sp/jedit/gui/DockableWindowManagerImpl.java^677^697,21,False,I_N^I_N,Y_N^YY_N,d70d3f2^cf20663^576de28,60^7
org/gjt/sp/jedit/textarea/CircleFoldPainter.java^55^75+org/gjt/sp/jedit/textarea/SquareFoldPainter.java^47^67,21,False,I_N,W_N,f2dad6d^4b55fd4,44
org/gjt/sp/jedit/gui/CloseDialog.java^43^58+org/gjt/sp/jedit/gui/FilesChangedDialog.java^49^64,16,False,I_Y^I_N,Y_Y^D_N,f3a607e^d3e88ed^d0156f9,3^6
de/masters_of_disaster/ant/tasks/deb/Deb.java^204^228+de/masters_of_disaster/ant/tasks/deb/Deb.java^230^254,25,False,C_N,YY_N,845c90c^74190d6,18
org/gjt/sp/jedit/gui/InputHandler.java^283^305+org/gjt/sp/jedit/input/TextAreaInputHandler.java^177^199,23,False,I_N,M_N,8f4602e^f7069db,46
org/gjt/sp/jedit/options/BrowserColorsOptionPane.java^71^96+org/gjt/sp/jedit/options/ToolBarOptionPane.java^117^143,27,False,C_Y,YY_Y,865ab9f^72b3465,8
org/gjt/sp/jedit/gui/SelectLineRange.java^57^67+org/gjt/sp/jedit/gui/StyleEditor.java^160^170,11,False,I_N,W_N,f7d72c3^e02fbe6,15
org/gjt/sp/jedit/gui/BufferOptions.java^314^331+org/gjt/sp/jedit/gui/SelectLineRange.java^53^70,18,False,I_N^I_N,Y_N^D_N,405da7c^e30e40e^57cd626,18^16
org/gjt/sp/jedit/gui/PanelWindowContainer.java^723^773+org/gjt/sp/jedit/gui/PanelWindowContainer.java^780^833,54,False,I_N^I_Y,Y_N^YY_Y,1ac6eec^ae9f442^8dd08a3,70^8
org/gjt/sp/jedit/gui/BufferOptions.java^70^91+org/gjt/sp/jedit/options/LoadSaveOptionPane.java^75^95,22,False,I_N,D_N,58f1dd4^726e6b5,5
org/gjt/sp/jedit/gui/BufferOptions.java^60^87+org/gjt/sp/jedit/gui/FontSelectorDialog.java^233^256,28,False,C_N,Y_N,e02fbe6^ccca009,2
net/sourceforge/jarbundler/JarBundler.java^1320^1338+net/sourceforge/jarbundler/JarBundler.java^1373^1391,19,False,C_N,W_N,d1438b8^db7eb7d,12
bsh/ParseException.java^222^265+bsh/TokenMgrError.java^40^83,44,False,I_Y,D_Y,ea5bc7d^b252783,81
org/gjt/sp/jedit/ActionSet.java^467^492+org/gjt/sp/jedit/help/HelpTOCPanel.java^208^233,26,True,I_Y^I_N,Y_Y^D_N,5814571^0359cdc^7430485,44^13
org/gjt/sp/jedit/BufferHistory.java^96^123+org/gjt/sp/jedit/Registers.java^552^580,29,True,I_Y^I_N,M_Y^D_N,c4f586d^0359cdc^7430485,46^6
org/gjt/sp/jedit/gui/DockableWindowManager.java^928^941+org/gjt/sp/jedit/gui/DockableWindowManager.java^970^984,15,True,I_N^I_N^I_N^I_N^I_N^I_Y,M_N^D_N^Y_N^D_N^YY_N^YY_Y,e278b78^101c2b8^851a90f^c46a429^f44225c^d35b73b^8dd08a3,3^3^6^5^6^12
org/gjt/sp/jedit/gui/ExtendedGridLayout.java^815^837+org/gjt/sp/jedit/gui/ExtendedGridLayout.java^908^930,23,False,I_N,YY_N,d70d3f2^a4f21db,4
org/gjt/sp/jedit/gui/EnhancedCheckBoxMenuItem.java^75^94+org/gjt/sp/jedit/gui/MarkersMenu.java^143^162,20,False,I_N^I_N^I_N^I_N^I_N,Y_N^D_N^W_N^D_N^M_N,101c2b8^928842f^6bb5bdc^274c929^73dfdd3^b094287,5^5^6^6^1
org/gjt/sp/jedit/Registers.java^552^580+org/gjt/sp/jedit/buffer/KillRing.java^97^124,29,True,I_Y^I_N,M_Y^D_N,c4f586d^0359cdc^7430485,48^4
org/gjt/sp/jedit/View.java^444^472+org/gjt/sp/jedit/textarea/JEditTextArea.java^4657^4683,29,True,I_N^I_N^I_N^I_Y^I_N^I_N^I_N^I_N^I_N^I_N^I_N^I_N^I_Y^I_N^I_N^I_N^I_N^I_N^I_N^I_N^I_N^I_N^I_N^I_N^I_Y^I_N^I_N^I_N^I_N^I_N^I_N^I_Y,W_N^D_N^Y_N^D_Y^W_N^D_N^W_N^D_N^D_N^D_N^D_N^D_N^M_Y^D_N^M_N^D_N^Y_N^D_N^Y_N^Y_N^D_N^M_N^D_N^Y_N^W_Y^D_N^Y_N^D_N^D_N^D_N^YY_N^M_Y,a0a3aaa^f5730d9^0d4ae21^9eff7e9^2c18375^8b17e86^202e881^e3296cc^03e4da5^0664188^12b3faa^6e914e3^508fda9^02be609^7978ad0^04718e7^e2f9ef0^6a65ec6^cf51487^67bcf92^8eba12c^6c9ea68^58a0776^da98218^8d540bd^cbe5703^845f4d4^837c52f^a3491d8^25ac739^6e101b9^cc51e89^8f4602e,8^8^14^23^33^33^2^2^31^31^48^54^2^2^2^2^11^11^1^4^4^5^5^4^4^4^18^18^2^2^11^48
org/gjt/sp/jedit/PerspectiveManager.java^467^491+org/gjt/sp/jedit/PerspectiveManager.java^547^569,25,False,I_N,W_N,4cb467a^89a25c9,48
org/gjt/sp/jedit/gui/ContextAddDialog.java^138^146+org/gjt/sp/jedit/gui/EditAbbrevDialog.java^100^108,9,False,I_N,W_N,f7d72c3^e02fbe6,12
org/gjt/sp/jedit/gui/HelpViewer.java^387^409+org/gjt/sp/jedit/help/HelpTOCPanel.java^154^177,24,False,I_N,D_N,4cfebe4^668cfef,9
org/gjt/sp/jedit/gui/StatusBar.java^671^727+org/gjt/sp/jedit/gui/statusbar/MemoryStatusWidgetFactory.java^166^222,57,True,I_Y,D_Y,78d5509^5ee0d4d,57
org/gjt/sp/jedit/textarea/JEditTextArea.java^4225^4260+org/gjt/sp/jedit/textarea/JEditTextArea.java^4267^4302,36,True,I_Y,W_Y,3f5b83a^8f4602e,72
org/gjt/sp/jedit/options/BufferOptionPane.java^82^96+org/gjt/sp/jedit/options/EncodingsOptionPane.java^88^101,15,False,I_N,D_N,a80c6a1^2c238c7,3
org/gjt/sp/jedit/Buffer.java^2243^2268+org/gjt/sp/jedit/Buffer.java^2284^2309,26,False,I_N,Y_N,8afbfb4^ca70965,52
org/gjt/sp/jedit/syntax/XModeHandler.java^174^201+org/gjt/sp/jedit/syntax/XModeHandler.java^297^326,30,False,C_N,Y_N,7e051a5^7e52a31,4
org/gjt/sp/jedit/gui/AddModeDialog.java^83^96+org/gjt/sp/jedit/gui/SelectLineRange.java^57^67,14,False,C_N^I_N,D_N^W_N,f7d72c3^96bf692^e02fbe6,2^14
org/gjt/sp/jedit/gui/HistoryTextField.java^340^370+org/gjt/sp/jedit/gui/HistoryTextField.java^373^403,31,False,I_N,Y_N,6516bd1^7e940d0,62
org/gjt/sp/jedit/browser/VFSBrowser.java^1846^1866+org/gjt/sp/jedit/menu/FavoritesProvider.java^64^84,21,False,I_N,W_N,16be116^428e84f,12
org/gjt/sp/jedit/Registers.java^277^326+org/gjt/sp/jedit/Registers.java^373^440,68,False,I_N^I_N,Y_N^D_N,31f05b6^6bc4425^e89c76d,2^5
org/gjt/sp/jedit/pluginmgr/InstallPanel.java^98^130+org/gjt/sp/jedit/pluginmgr/ManagePanel.java^106^139,34,False,I_N,Y_N,ac8eaba^ccca009,4
org/gjt/sp/jedit/options/BufferOptionPane.java^86^102+org/gjt/sp/jedit/options/GeneralOptionPane.java^72^87,17,False,I_N^I_N^I_N^I_N,M_N^Y_N^Y_N^YY_N,55bc2df^4e4a8d3^6e33ff7^bea3f37^345a8bd,6^2^2^10
org/gjt/sp/jedit/syntax/ParserRule.java^306^325+org/gjt/sp/jedit/syntax/ParserRule.java^346^365,20,False,I_N,Y_N,f977b18^84242b2,2
org/gjt/sp/jedit/gui/DockableWindowFactory.java^90^111+org/gjt/sp/jedit/jEdit.java^3841^3862,22,False,I_Y^I_N^I_N^I_Y^I_N,Y_Y^D_N^Y_N^Y_Y^YY_N,0e5baa3^0359cdc^7430485^145401d^e92c268^e40d5b1,27^3^28^1^11
org/gjt/sp/jedit/PerspectiveManager.java^102^128+org/gjt/sp/jedit/buffer/KillRing.java^97^124,28,True,I_N^I_Y^I_N,D_N^YY_Y^D_N,5deaa3f^0e81254^0359cdc^7430485,3^39^18
org/gjt/sp/jedit/gui/BufferOptions.java^334^352+org/gjt/sp/jedit/gui/StatusBar.java^367^384,19,False,I_N,M_N,9f9d930^f5d0714,37
org/gjt/sp/jedit/browser/BrowserView.java^689^710+org/gjt/sp/jedit/browser/VFSDirectoryEntryTable.java^397^418,22,False,I_N,Y_N,dc3172c^727ee5f,3
org/gjt/sp/jedit/options/GeneralOptionPane.java^44^71+org/gjt/sp/jedit/options/LoadSaveOptionPane.java^69^96,28,False,I_N,D_N,8451b8c^200e7b0,26
bsh/Parser.java^503^527+bsh/Parser.java^3428^3452,25,False,I_Y,D_Y,943d5f6^c39502d,1
org/gjt/sp/jedit/gui/HistoryText.java^123^156+org/gjt/sp/jedit/gui/HistoryText.java^159^192,34,False,C_N^C_N,M_N^D_N,7d20550^3fef408^857641b,4^4
org/gjt/sp/jedit/gui/AbstractContextOptionPane.java^277^294+org/gjt/sp/jedit/options/StatusBarOptionPane.java^323^354,32,False,I_N,W_N,ccca009^ea72825,6
org/gjt/sp/jedit/gui/EnhancedMenuItem.java^80^96+org/gjt/sp/jedit/gui/MarkersMenu.java^143^159,17,False,I_N^I_N,Y_N^D_N,101c2b8^928842f^6bb5bdc,2^2
org/gjt/sp/jedit/gui/OptionsDialog.java^329^347+org/jedit/options/TabbedOptionDialog.java^114^132,19,False,I_N,D_N,15f4f76^c019149,17
org/gjt/sp/jedit/gui/AbstractContextOptionPane.java^77^100+org/gjt/sp/jedit/options/BrowserColorsOptionPane.java^75^98,24,False,I_N,YY_N,dcae49b^67464d8,55
org/gjt/sp/jedit/textarea/ChunkCache.java^100^127+org/gjt/sp/jedit/textarea/ChunkCache.java^186^213,28,False,I_N^I_N^I_N,W_N^D_N^Y_N,539a14d^ddb8dae^f1f6dcc^6568f61,9^7^50
bsh/BSHLHSPrimarySuffix.java^66^92+bsh/BSHPrimarySuffix.java^99^125,27,True,I_Y^I_N^I_Y^I_N,D_Y^Y_N^D_Y^Y_N,7d9d0fa^b5d918c^ea5bc7d^b252783^7fda97a,6^15^15^27
org/gjt/sp/util/WorkThreadPool.java^258^278+org/gjt/sp/util/WorkThreadPool.java^285^305,21,False,I_N^I_N,D_N^D_N,dc0b962^a01eb74^e857eb6,24^26
org/gjt/sp/jedit/syntax/ModeProvider.java^87^104+org/gjt/sp/jedit/syntax/ModeProvider.java^286^304,19,False,I_N,Y_N,9f53cad^ef94f18,27
org/gjt/sp/jedit/options/BrowserColorsOptionPane.java^71^96+org/gjt/sp/jedit/options/ContextOptionPane.java^76^101,26,False,I_N,YY_N,865ab9f^a800430,26
org/gjt/sp/jedit/gui/BeanShellErrorDialog.java^38^49+org/gjt/sp/jedit/gui/ErrorListDialog.java^81^92,12,False,I_N^I_N^I_N,Y_N^D_N^Y_N,465edd3^ab490df^022b281^4fa6da3,2^2^11
org/gjt/sp/jedit/gui/EditAbbrevDialog.java^100^108+org/gjt/sp/jedit/gui/SelectLineRange.java^59^67,9,False,I_N,W_N,f7d72c3^e02fbe6,12
org/gjt/sp/jedit/gui/FontSelectorDialog.java^237^249+org/gjt/sp/jedit/options/ToolBarOptionPane.java^532^542,13,False,I_N,W_N,f7d72c3^e02fbe6,14
org/gjt/sp/jedit/browser/BrowserView.java^609^634+org/gjt/sp/jedit/gui/HelpViewer.java^534^554,26,True,I_N^I_Y^I_Y,M_N^D_Y^Y_Y,9531c58^b7c7c93^2aa52ed^40ab936,41^44^2
org/gjt/sp/jedit/ServiceManager.java^109^131+org/gjt/sp/jedit/help/HelpTOCPanel.java^208^230,23,True,I_Y,YY_Y,a399aea^0359cdc,44
org/gjt/sp/jedit/buffer/BufferIORequest.java^269^305+org/gjt/sp/jedit/buffer/BufferIORequest.java^1014^1050,37,False,I_N,Y_N,e33e022^3e5733f,63
org/gjt/sp/jedit/gui/OptionsDialog.java^645^663+org/gjt/sp/jedit/gui/OptionsDialog.java^667^685,19,False,I_N^I_N,YY_N^YY_N,5814571^d32fade^0e8a24f,4^2
org/gjt/sp/jedit/gui/AddModeDialog.java^83^96+org/gjt/sp/jedit/options/ToolBarOptionPane.java^532^542,14,False,C_N^I_N,D_N^W_N,f7d72c3^96bf692^e02fbe6,2^13
org/gjt/sp/jedit/browser/ListDirectoryBrowserTask.java^74^96+org/gjt/sp/jedit/browser/RenameBrowserTask.java^95^117,23,False,I_N,Y_N,71c2f07^576de28,23
org/gjt/sp/jedit/ActionSet.java^269^287+org/gjt/sp/jedit/JEditActionSet.java^290^308,19,False,I_N,Y_N,9126e8e^7139ae4,12
org/gjt/sp/jedit/browser/VFSBrowser.java^727^758+org/gjt/sp/jedit/browser/VFSBrowser.java^761^792,32,False,I_N^I_N^I_N^I_N^I_N^I_N^I_N,M_N^Y_N^Y_N^W_N^D_N^W_N^M_N,9b196a0^44bc4dc^31fafe0^3e830eb^065a82b^9a52b5b^2b02e04^71c2f07,1^4^26^4^3^39^32
org/gjt/sp/jedit/MiscUtilities.java^981^1002+org/gjt/sp/jedit/MiscUtilities.java^1019^1040,22,False,I_N,W_N,80de83b^e291feb,34
org/gjt/sp/jedit/menu/RecentDirectoriesProvider.java^106^133+org/gjt/sp/jedit/menu/RecentFilesProvider.java^155^182,28,False,I_N^I_N^I_N,D_N^YY_N^W_N,6d74fcd^aaddcad^0b5fcfe^76049e2,1^4^2
org/gjt/sp/jedit/PerspectiveManager.java^96^128+org/gjt/sp/jedit/Registers.java^545^580,36,True,I_Y^I_N,M_Y^D_N,c4f586d^0359cdc^7430485,62^18
org/gjt/sp/jedit/jEdit.java^732^764+org/gjt/sp/jedit/textarea/StandaloneTextArea.java^414^446,33,False,I_N,M_N,d18a08d^2f4bdaa,3
org/gjt/sp/jedit/gui/FontSelectorDialog.java^237^249+org/gjt/sp/jedit/gui/SelectLineRange.java^57^67,13,False,I_N,W_N,f7d72c3^e02fbe6,15
org/gjt/sp/jedit/gui/ContextAddDialog.java^136^146+org/gjt/sp/jedit/gui/SelectLineRange.java^57^67,11,False,I_N,W_N,f7d72c3^e02fbe6,14
org/gjt/sp/jedit/browser/DeleteBrowserTask.java^68^90+org/gjt/sp/jedit/browser/RenameBrowserTask.java^95^117,23,False,I_N,Y_N,71c2f07^576de28,46
bsh/NameSpace.java^998^1017+bsh/NameSpace.java^1027^1047,21,False,C_Y,Y_Y,f13d41c^c9cc3b0,10
org/gjt/sp/jedit/pluginmgr/PluginManager.java^333^353+org/gjt/sp/jedit/pluginmgr/PluginManager.java^398^417,21,False,I_N,Y_N,a90238e^f307f8b,41
org/gjt/sp/jedit/browser/DeleteBrowserTask.java^68^90+org/gjt/sp/jedit/browser/ListDirectoryBrowserTask.java^74^96,23,False,C_N,YY_N,3e830eb^576de28,23
org/gjt/sp/jedit/View.java^607^650+org/gjt/sp/jedit/View.java^669^711,44,False,I_N^I_N^I_N^I_N,D_N^D_N^W_N^M_N,6fc783d^4a5bd9d^60e9829^57e6174^53c2da9,58^30^4^5
org/gjt/sp/jedit/gui/AddModeDialog.java^83^96+org/gjt/sp/jedit/gui/EditAbbrevDialog.java^98^108,14,False,C_N^I_N,D_N^W_N,f7d72c3^96bf692^e02fbe6,2^12
org/gjt/sp/jedit/browser/DeleteBrowserTask.java^62^86+org/gjt/sp/jedit/browser/MkDirBrowserTask.java^61^84,25,False,C_N,YY_N,3e830eb^576de28,49
bsh/StringUtil.java^50^72+bsh/commands/dir.java^97^119,23,False,I_N,Y_N,82d7ff8^ea5bc7d,19
org/jedit/options/OptionGroupPane.java^503^521+org/jedit/options/OptionGroupPane.java^525^543,19,False,I_N,YY_N,39cc2fd^a11facd,38
org/gjt/sp/jedit/buffer/JEditBuffer.java^2102^2136+org/gjt/sp/jedit/buffer/JEditBuffer.java^2144^2179,36,False,I_N,Y_N,5eed0c2^eb0d9dc,8
org/gjt/sp/jedit/BufferHistory.java^90^123+org/gjt/sp/jedit/buffer/KillRing.java^91^124,34,True,I_Y^I_N^I_N,YY_Y^D_N^Y_N,191151b^0359cdc^7430485^9dce88d,49^14^2
org/gjt/sp/jedit/gui/AddAbbrevDialog.java^53^66+org/gjt/sp/jedit/gui/EditAbbrevDialog.java^103^116,14,False,I_Y^I_N^I_N,D_Y^YY_N^D_N,a572cf2^7aaa73e^02c7505^bdb3d35,19^2^2
org/gjt/sp/jedit/gui/EditAbbrevDialog.java^98^108+org/gjt/sp/jedit/gui/FontSelectorDialog.java^237^249,13,False,I_N,W_N,f7d72c3^e02fbe6,13
org/gjt/sp/jedit/textarea/MouseHandler.java^49^131+org/gjt/sp/jedit/textarea/TextAreaMouseHandler.java^48^126,83,False,I_N,YY_N,32f1014^cf4d408,7
